<?xml version="1.0" encoding="UTF-8"?>
<project-private xmlns="http://www.netbeans.org/ns/project-private/1">
    <editor-bookmarks xmlns="http://www.netbeans.org/ns/editor-bookmarks/2" lastBookmarkId="0"/>
    <open-files xmlns="http://www.netbeans.org/ns/projectui-open-files/2">
        <group>
            <file>file:/C:/Users/alexa/Documents/NetBeansProjects/Employees/src/domain/Editor.java</file>
            <file>file:/C:/Users/alexa/Documents/NetBeansProjects/Employees/src/domain/Employee.java</file>
            <file>file:/C:/Users/alexa/Documents/NetBeansProjects/Employees/src/domain/Artist.java</file>
            <file>file:/C:/Users/alexa/Documents/NetBeansProjects/Employees/src/test/EmployeesTest.java</file>
            <file>file:/C:/Users/alexa/Documents/NetBeansProjects/Employees/src/domain/Manager.java</file>
            <file>file:/C:/Users/alexa/Documents/NetBeansProjects/Employees/src/domain/GraphicIllustrator.java</file>
            <file>file:/C:/Users/alexa/Documents/NetBeansProjects/Employees/src/domain/EmployeeClassDiagram.cdg</file>
            <file>file:/C:/Users/alexa/Documents/NetBeansProjects/Employees/src/domain/TechnicalWriter.java</file>
        </group>
    </open-files>
</project-private>
